ID,Correct: 0/1,Reasoning
q01,0,"Present: caproate remaining dissolved in saturation (partial, salt medium unclear). Missing: stearate insoluble in 5% NaCl, laurate precipitated by 17% NaCl, and explicit saturated-NaCl qualification for caproate. Contradictions: claims the salt strengths are unstated, substitutes dissolution ranges, and gives incorrect laurate/caproate formulae. Reason: the required salt-specific facts are not fully supplied."
q02,0,"Present: sodium carbonate named (partial). Missing: treating separated fatty acids with soda/potash carbonates, their considerable saving over caustic alkalies, and inability to saponify neutral fat directly. Contradictions: attributes the stated saving to glycerol recovery and substitutes a pH-based restriction. Reason: the specified economic reason and restriction are absent."
q03,0,"Present: drying at 100 deg. C. Missing: hydrochloric acid first, then a rapid petroleum-ether wash. Contradiction: replaces the prescribed washes with repeated distilled-water washing. Reason: the drying temperature is correct but the washing sequence is wrong."
q04,0,"Present: pure-salt condition. Missing: 26.4% NaCl and a correctly labelled density of either 41.6 deg. Tw. or 24.8 deg. B. Contradictions: gives 26.46% and 1.17 g/cm3, which do not match the book's figures. Reason: neither required numerical value is correctly supplied."
q05,0,Present: potash degrees as actual KOH percentage. Missing: soda degrees as Na2O percentage plus 1%. Contradiction: interprets soda degrees as NaOH purity and answers with an invented 3% difference. Reason: the answer misses the different bases of the two grading conventions.
q06,0,"Present: temperature limit repeated (context only). Missing: oil overheated during bleaching is apt to yield foxy-coloured soap on saponification. Contradiction: none established; the added degradation, aroma and efficiency explanations are unsupported. Reason: the specific stated consequence for the soap is absent."
q07,0,"Present: saponification mentioned and waste-lye separation placed second (partial match). Missing: accurate first-operation description and boiling on strength third. Contradictions: prescribes a neutral-pH endpoint, filtration/centrifugation for separation, and cooling/conditioning as the third operation. Reason: the required ordered sequence is incorrect."
q08,0,"Present: no complete required point. Missing: blue throughout means excessive alkali, and precipitated colour means deficient alkali. Contradiction: none established; the added texture, odour and stability claims are unsupported. Reason: brighter/lighter colour descriptions do not supply either specified diagnostic sign."
q09,0,Present: caustic-soda preference repeated (context only). Missing: these soaps dissolve in weak brine and need very large salt quantities for thorough graining. Contradiction: defines graining as smoothing by an alkaline wash rather than separation into soap granules. Reason: neither stated reason for preferring caustic lye is given.
q10,0,"Present: next-day timing (partial). Missing: trowel smoothing with a central heap sloping to the sides, then flattening with a wooden mallet the next day. Contradictions: defines crutching as cutting/remoulding and substitutes pressing, rolling or remoulding for the prescribed treatment. Reason: both specified surface treatments are absent."
q11,0,"Present: no required point. Missing: brittleness in firm soap and greatly improved texture in weak soap. Contradiction: says the solution softens both soaps and causes loss of hardness, whereas the book describes stiffening/hardening and the specified different outcomes. Reason: the stated effects conflict with the book."
q12,0,"Present: no required quantity. Missing: 10-30 fluid oz. per cwt. for cheaper grades, rarely above 18-20 oz., and sometimes 40-50 fluid oz. for costly soaps. Contradictions: gives 1-2 oz., a 2 oz. upper amount, and 2-4 oz., respectively. Reason: all three required quantities are wrong."
q13,0,"Present: concave ends causing unsightly marks (partial). Missing: stamping forces corners into the concavity, and markings occur at each tablet end. Contradiction: none established; other claimed advantages are unsupported. Reason: the answer omits the specified mechanism and location of the defects."
q14,0,"Present: freshly distilled oil is more soluble (partial). Missing: bay oil generally insoluble in 90% alcohol, and fresh oil dissolving in its own volume of that alcohol. Contradiction: none established; the volatile-component explanation is unsupported. Reason: a general solubility comparison omits both precise required facts."
q15,0,"Present: no required proportion. Missing: about 20% citronellal in citronella oil and considerably over 90% in eucalyptus citriodora oil. Contradictions: gives 30-50% and 20-40%, respectively. Reason: both proportions conflict with the quotation."
q16,0,"Present: sodium hydroxide and generic filtration mentioned (partial). Missing: stop agitation, use a filter press before alkalisation, make the liquor slightly alkaline, and filter again. Contradictions: neutralises to about pH 7, puts neutralisation before filtration, and adds calcium hydroxide as a supposed prescribed alternative. Reason: the required condition and processing order are wrong."
q17,0,"Present: phenolphthalein for caustic alkali and methyl orange for carbonated alkali. Missing: no named indicator, but the second answer is compromised by an alternative. Contradiction: says methyl red is also specified and selection depends on pH. Reason: including the correct names does not rescue the incorrect alternative."
q18,0,"Present: pink coloration. Missing: water-bath heating until effervescence ceases, then boiling brine for one hour or longer when only small quantities are present. Contradiction: replaces the test mixture and both stages with repeated heating in alcoholic NaOH. Reason: the correct colour does not supply the required heating procedure and qualifier."
q19,0,"Present: Australia and 1905 (context only). Missing: 98 soap and candle factories and 495,036 cwt. of soap. Contradictions: reports 12 factories and 22,000 tons and fabricates a supporting quotation. Reason: the figures attributed to the report are incorrect."
q20,0,"Present: government production records (partial). Missing: official returns collected specifically to levy the soap duty. Contradiction: none established; trade-association, publication and unit-standardisation explanations are unsupported. Reason: the answer omits the stated purpose that made the annual figures available."
