ID,Question,Reference answer,Required key points for a fully correct answer,Exact supporting quotation,Source chapter or section,Model answer,Correct: 0/1,done_reason
q01,"In The Handbook of Soap Manufacture by W. H. Simmons and H. A. Appleton, what sodium-chloride solution strengths are stated for sodium stearate and sodium laurate, and how does sodium caproate behave even in a saturated solution?",Sodium stearate is insoluble in a 5 per cent. sodium-chloride solution; sodium laurate requires a 17 per cent. solution to precipitate it; sodium caproate is not precipitated even by a saturated solution.,"1. Sodium stearate: insoluble in 5 per cent. sodium chloride.
2. Sodium laurate: requires 17 per cent. sodium chloride for precipitation.
3. Sodium caproate: not precipitated even by saturated sodium chloride.","The solubility of the different soaps in salt solution varies very
considerably. Whilst sodium stearate is insoluble in a 5 per cent.
solution of sodium chloride, sodium laurate requires a 17 per cent.
solution to precipitate it, and sodium caproate is not thrown out of
solution even by a saturated solution.",CHAPTER I. INTRODUCTION. — Properties of Soap.,"In ""The Handbook of Soap Manufacture"" by W. H. Simmons and H. A. Appleton, the authors provide detailed information on the solubility and behavior of various sodium salts in water. Specifically, for sodium stearate and sodium laurate, the handbook typically lists the solubility in terms of the concentration of sodium chloride (NaCl) solution required to dissolve these salts.

For sodium stearate (C17H35COONa), the solubility is generally quite high, and it can be dissolved in relatively dilute NaCl solutions. Typically, sodium stearate is soluble in water up to about 10-15% by weight, and it can be dissolved in NaCl solutions that are not overly concentrated. The exact strength of the NaCl solution required to dissolve sodium stearate is not explicitly stated in the handbook, but it is generally understood to be in the range of 0.1 to 0.5 M (molar) NaCl.

For sodium laurate (C13H27COONa), the solubility is also high, but it is slightly less than that of sodium stearate. Sodium laurate is typically soluble in water up to about 10-15% by weight, and it can be dissolved in NaCl solutions that are not overly concentrated. The exact strength of the NaCl solution required to dissolve sodium laurate is also not explicitly stated, but it is generally understood to be in the range of 0.1 to 0.5 M NaCl.

Regarding sodium caproate (C6H11COONa), the solubility in water is also high, and it can be dissolved in water up to about 10-15% by weight. Sodium caproate is generally more soluble than both sodium stearate and sodium laurate. Even in a saturated solution, sodium caproate does not behave differently; it remains fully soluble in water. The exact strength of the NaCl solution required to dissolve sodium caproate is not explicitly stated, but it is generally understood to be in the range of 0.1 to 0.5 M NaCl, similar to the other sodium salts mentioned.

In summary, the handbook indicates that sodium stearate and sodium laurate are highly soluble in water and can be dissolved in NaCl solutions that are not overly concentrated, typically in the range of 0.1 to 0.5 M Na",,length
q02,"In The Handbook of Soap Manufacture by W. H. Simmons and H. A. Appleton, what cost-saving reason is given for first separating glycerol from fatty acids before soap-making, and what restriction on the cheaper alkalies is noted?","Separating glycerol first allows the fatty acids to be converted into soap with the carbonates of soda or potash. These are considerably cheaper than the caustic alkalies, but cannot be used in the actual saponification of a neutral fat.","1. The separated fatty acids can be treated with carbonates of soda or potash.
2. These carbonates are considerably cheaper than caustic alkalies.
3. The carbonates cannot be used to saponify a neutral fat directly.","During the last few years, however, there has been a growing attempt to
first separate the glycerol from the fatty acids, and then convert the
latter into soap by treatment with the carbonates of soda or potash,
which are of course considerably cheaper than the caustic alkalies, but
cannot be used in the actual saponification of a neutral fat. The two
processes chiefly used for this purpose are those in which the reaction
is brought about by enzymes or by Twitchell's reagent.","CHAPTER II. CONSTITUTION OF OILS AND FATS, AND THEIR SAPONIFICATION. — Hydrolysis or Saponification of Oils and Fats.","In ""The Handbook of Soap Manufacture"" by W. H. Simmons and H. A. Appleton, the authors provide several reasons for separating glycerol from fatty acids before soap-making, with the primary cost-saving reason being the recovery and reuse of glycerol. Glycerol, a byproduct of saponification, has commercial value and can be sold or used in other industries, such as the production of cosmetics, pharmaceuticals, and food products. By recovering glycerol, manufacturers can offset the cost of raw materials and increase overall profitability.

Regarding the restriction on cheaper alkalies, the authors note that while cheaper alkalies (such as sodium carbonate or sodium bicarbonate) can be used in soap-making, they must be used with caution. Specifically, they mention that these cheaper alkalies can sometimes produce soaps with a higher pH, which may affect the soap's stability and performance. Therefore, the use of cheaper alkalies is restricted to situations where the resulting soap's properties are not critical, or where the soap will undergo further processing that can neutralize any pH issues.",,stop
q03,"In The Handbook of Soap Manufacture by W. H. Simmons and H. A. Appleton, when preparing Twitchell's reagent from the viscous upper layer, what washing sequence and drying temperature are specified before it is ready for use?","Wash the upper layer first with hydrochloric acid, then rapidly with petroleum ether, and dry it at 100 deg. C.","1. Wash first with hydrochloric acid.
2. Then wash rapidly with petroleum ether.
3. Dry at 100 deg. C.","On boiling the resultant product with water two layers separate, the
lower one consisting of a clear aqueous solution of sulphuric acid and
whatever benzene-sulphonic acid has been formed, while the upper layer,
which is a viscous oil, contains the benzene-stearosulphonic acid. This,
after washing first with hydrochloric acid and then rapidly with
petroleum ether, and drying at 100 deg. C. is then ready for use; the
addition of a small quantity of this reagent to a mixture of fat
(previously purified) and water, agitated by boiling with open steam,
effects almost complete separation of the fatty acid from glycerol.","CHAPTER II. CONSTITUTION OF OILS AND FATS, AND THEIR SAPONIFICATION. — Twitchell's Reagent.","In ""The Handbook of Soap Manufacture"" by W. H. Simmons and H. A. Appleton, the preparation of Twitchell's reagent from the viscous upper layer involves a specific washing sequence and drying temperature to ensure the reagent is ready for use. According to the book, the viscous upper layer should be washed with distilled water to remove any impurities. The washing sequence typically involves multiple washes to ensure purity. After washing, the reagent is dried at a temperature of 100°C (212°F) to remove any residual moisture without degrading the reagent.

Here is a more detailed breakdown of the process:

1. **Washing Sequence:**
   - The viscous upper layer is washed with distilled water multiple times to remove any impurities.
   - This washing process is repeated until the washings are clear and free of impurities.

2. **Drying Temperature:**
   - After washing, the reagent is dried at 100°C (212°F) to ensure that all residual moisture is removed without causing any degradation of the reagent.

This process ensures that the Twitchell's reagent is pure and ready for use in the intended applications.",,stop
q04,"In The Handbook of Soap Manufacture by W. H. Simmons and H. A. Appleton, if the salt used is pure, what sodium-chloride percentage and density are given for saturated brine used in soap-making?",It contains 26.4 per cent. sodium chloride and has a density of 41.6 deg. Tw. (24.8 deg. B.). These figures are conditional on using pure salt.,"1. With pure salt, saturated brine contains 26.4 per cent. sodium chloride.
2. Its density is 41.6 deg. Tw., equivalently 24.8 deg. B.","Brine, or a saturated solution of salt, is very convenient in
soap-making, and, if the salt used is pure, will contain 26.4 per cent.
sodium chloride and have a density of 41.6 deg. Tw. (24.8 deg. B.).

The presence of sulphates alters the density, and of course the sodium
chloride content.",CHAPTER III. RAW MATERIALS USED IN SOAP-MAKING. — Salt,"In the context of soap manufacture, the Handbook of Soap Manufacture by W. H. Simmons and H. A. Appleton provides specific details about the composition of saturated brine. For pure sodium chloride (NaCl), the typical percentage and density of saturated brine are as follows:

- **Sodium Chloride (NaCl) Percentage**: Saturated brine is approximately 26.46% NaCl by weight. This means that in 100 grams of saturated brine, there are about 26.46 grams of NaCl.
- **Density**: The density of saturated brine is approximately 1.17 g/cm³ (or 1170 kg/m³).

These values are derived from the solubility of sodium chloride in water at room temperature. The solubility of NaCl in water increases with temperature, but at room temperature, the saturated solution has the above-mentioned percentage and density.

These figures are useful for soap manufacturers to understand the composition of the brine they use in the process, ensuring consistency and quality in their products.",,stop
q05,"In The Handbook of Soap Manufacture by W. H. Simmons and H. A. Appleton, how do the quoted degrees for solid caustic soda differ from those for solid caustic potash in what percentage they represent?","For solid caustic soda, the degrees represent the percentage of sodium oxide (Na2O) plus 1 per cent. For solid caustic potash, they represent the percentage of potassium hydrate (KHO) actually present.","1. Solid caustic soda: percentage of sodium oxide plus 1 per cent.
2. Solid caustic potash: actual percentage of potassium hydrate.","_Caustic soda_ (sodium hydrate) comes into commerce in a liquid form as
90 deg. Tw. (and even as high as 106 deg. Tw.), and other degrees of dilution,
and also in a solid form in various grades as 60 deg., 70 deg., 76-77 deg., 77-78 deg.
These degrees represent the percentage of sodium oxide (Na_{2}O) present
plus the 1 per cent. The highest grade, containing as it does more
available caustic soda and less impurities, is much more advantageous in
use.

_Carbonate of soda_ or _soda ash_, 58 deg., also termed ""light ash,"" and
""refined alkali"". This is a commercially pure sodium carbonate
containing about 0.5 per cent. salt (NaCl). The 58 deg. represents the
English degrees and corresponds to 99 per cent. sodium carbonate
(Na_{2}CO_{3}).

_Soda ash_, 48 deg., sometimes called ""caustic soda ash,"" often contains
besides carbonate of soda, 4 per cent. caustic soda (sodium hydrate),
and 10 per cent. salt (sodium chloride), together with water and
impurities.

The 48 degrees refers to the amount of alkali present in terms of sodium
oxide (Na_{2}O), but expressed as English degrees.

_Caustic potash_ (potassium hydrate) is offered as a liquid of 50-52 deg. B.
(98-103 deg. Tw.) strength, and also in solid form as 75-80 deg. and 88-92 deg. The
degrees in the latter case refer to the percentage of potassium hydrate
(KHO) actually present.",CHAPTER III. RAW MATERIALS USED IN SOAP-MAKING. — ALKALI (CAUSTIC AND CARBONATED).,"To determine how the quoted degrees for solid caustic soda (sodium hydroxide, NaOH) differ from those for solid caustic potash (potassium hydroxide, KOH) in terms of the percentage they represent, we need to understand the context of the ""degrees"" mentioned in the handbook. Typically, the ""degrees"" in this context refer to the percentage purity of the base material.

Let's assume the handbook provides the following information (since the specific values are not provided in the question, we will use hypothetical values for illustration):

- Solid caustic soda (NaOH) is quoted as 98 degrees.
- Solid caustic potash (KOH) is quoted as 95 degrees.

In this context, ""98 degrees"" for NaOH means that the NaOH is 98% pure, and ""95 degrees"" for KOH means that the KOH is 95% pure.

To find the difference in percentage purity, we subtract the percentage of KOH from the percentage of NaOH:

\[ 98\% - 95\% = 3\% \]

Therefore, the quoted degrees for solid caustic soda differ from those for solid caustic potash by \(\boxed{3\%}\).",,stop
q06,"In The Handbook of Soap Manufacture by W. H. Simmons and H. A. Appleton, why should the temperature during palm-oil bleaching not rise above 130 deg. F. (54 deg. C.)?","If that temperature is exceeded, the resultant oil is apt to yield a soap of a ""foxy"" colour on saponification.","1. Exceeding the stated bleaching temperature makes the oil apt to yield a ""foxy""-coloured soap when saponified.","It is important, however, that the temperature should not be allowed to
rise above 130 deg. F. (54 deg. C.) during the bleaching of palm oil, otherwise
the resultant oil on saponification is apt to yield a soap of a ""foxy""
colour. The bleached oil retains the characteristic violet odour of the
original oil.",CHAPTER IV. BLEACHING AND TREATMENT OF RAW MATERIALS INTENDED FOR SOAP-MAKING. — Crude Palm Oil.,"In the process of palm-oil bleaching, maintaining the temperature below 130°F (54°C) is crucial to prevent the degradation of the oil and to preserve its quality. Here are the key reasons why the temperature should not exceed this limit:

1. **Thermal Degradation**: Excessive heat can cause thermal degradation of the oil. This degradation can lead to the formation of undesirable compounds, such as free fatty acids, aldehydes, and ketones, which can impart off-flavors and off-odors to the final product.

2. **Loss of Volatile Compounds**: High temperatures can cause the loss of volatile compounds that contribute to the characteristic aroma and flavor of the palm oil. These compounds are important for the sensory quality of the oil and can be lost if the temperature is too high.

3. **Bleaching Efficiency**: While higher temperatures might initially enhance the bleaching process by increasing the rate of reaction, they can also lead to the breakdown of the bleaching earth or other bleaching agents, reducing their effectiveness over time.

4. **Color Stability**: Palm oil is bleached to remove impurities and achieve a clear, stable color. Excessive heat can accelerate the oxidation of the oil, leading to a darker color and reduced stability. Maintaining a lower temperature helps in achieving a more consistent and stable color.

5. **Energy Efficiency**: Operating at a lower temperature is generally more energy-efficient, as it reduces the amount of energy required to maintain the process and can help in reducing operational costs.

By keeping the temperature below 130°F (54°C), the process can achieve optimal results in terms of quality, efficiency, and cost-effectiveness while minimizing the risk of adverse effects on the oil.",,stop
q07,"In The Handbook of Soap Manufacture by W. H. Simmons and H. A. Appleton, in the method using an indefinite amount of alkali with separation of waste lye, what three operations occur in order before the fitting used for milling soap base and household soaps?","First pasting or saponification, then graining out or separation, then boiling on strength.","1. First: pasting or saponification.
2. Second: graining out or separation.
3. Third: boiling on strength.","(D) _Treatment of Fat with Indefinite Amount of Alkali and Separation of
Waste Lye._--This is the most general method of soap-making. The various
operations are:--

          (_a_) Pasting or saponification.
          (_b_) Graining out or separation.
          (_c_) Boiling on strength.

And in the case of milling soap base and household soaps,

          (_d_) Fitting.",CHAPTER V. SOAP-MAKING. — (D) Treatment of Fat with Indefinite Amount of Alkali and Separation of Waste Lye.,"In the method described in ""The Handbook of Soap Manufacture"" by W. H. Simmons and H. A. Appleton, where an indefinite amount of alkali is used with the separation of waste lye, the three operations that occur in order before the fitting used for milling soap base and household soaps are:

1. **Neutralization of the Soap Solution**: This involves the addition of alkali to the soap solution until the pH is neutralized. This step ensures that the soap is fully saponified and any excess fatty acids are neutralized.

2. **Separation of Waste Lye**: After neutralization, the waste lye (which is the excess alkali that did not react with the fatty acids) is separated from the soap solution. This is typically done by filtration or centrifugation to remove the lye from the soap.

3. **Cooling and Conditioning**: The soap solution is then cooled and conditioned to allow any remaining impurities to settle out. This step helps in clarifying the soap solution and preparing it for the milling process.

These operations ensure that the soap solution is in the correct state before it is subjected to the milling process, which is crucial for producing high-quality soap base and household soaps.",,stop
q08,"In The Handbook of Soap Manufacture by W. H. Simmons and H. A. Appleton, when a sample of marbled hydrated soap is mixed with the colouring solution, how do the signs of excessive alkali and deficient alkali differ?","If the sample becomes blue throughout, the soap is too alkaline. If the colour is precipitated, the soap is deficient in alkali.","1. Blue throughout: too alkaline.
2. Precipitation of the colour: deficient in alkali.","The soap is then carefully tasted as to its suitability for marbling by
taking samples and mixing with the colouring solution (ultramarine mixed
with water or silicate of soda solution). If the sample becomes blue
throughout, the soap is too alkaline; if the colour is precipitated, the
soap is deficient in alkali. The right point has been reached when the
marbling is distributed evenly. Having thus ascertained the condition of
the pan, and corrected it if necessary, the colour, mixed in water or in
silicate of soda solution, is added and the soap framed.",CHAPTER V. SOAP-MAKING. — Hydrated soaps,"In ""The Handbook of Soap Manufacture"" by W. H. Simmons and H. A. Appleton, the signs of excessive alkali and deficient alkali when a sample of marbled hydrated soap is mixed with a colorant solution can be quite distinct. Here’s a detailed explanation of the differences:

### Excessive Alkali
1. **Color Change**: The color of the soap sample may become more intense or brighter than expected. This is because the excess alkali can cause the colorant to be more soluble or to react more vigorously, leading to a more pronounced coloration.
2. **Texture Changes**: The soap may become softer or more malleable. Excess alkali can reduce the saponification process, leading to a soap that is less firm and more prone to melting or softening.
3. **Odor**: There might be a noticeable change in the odor, often a more pungent or harsh smell due to the presence of excess alkali.
4. **Stability**: The soap may be less stable and more prone to degradation over time, as the excess alkali can accelerate hydrolysis and other chemical reactions.

### Deficient Alkali
1. **Color Change**: The color of the soap sample may be lighter or less intense than expected. This is because there is not enough alkali to fully react with the fatty acids, leading to a less pronounced coloration.
2. **Texture Changes**: The soap may be harder and less malleable. Insufficient alkali can result in a soap that is more rigid and less prone to melting or softening.
3. **Odor**: The odor might be less pronounced or even absent, as the necessary saponification reactions may not have occurred fully, leading to a soap that is not fully saponified.
4. **Stability**: The soap may be more stable and less prone to degradation over time, as the necessary saponification reactions are not fully completed, leading to a more stable product.

### Summary
- **Excessive Alkali**: Brighter or more intense color, softer texture, pungent odor, and reduced stability.
- **Deficient Alkali**: Lighter or less intense color, harder texture, less pronounced odor, and increased stability.

These differences can help in diagnosing the alkali content in the soap and adjusting the manufacturing process accordingly.",,stop
q09,"In The Handbook of Soap Manufacture by W. H. Simmons and H. A. Appleton, why is caustic soda lye preferred for graining out soaps made from cocoa-nut and palm-kernel oils?",These soaps are soluble in weak brine and require very large amounts of salt to grain out thoroughly; caustic soda lye is therefore preferable for separating them.,"1. Cocoa-nut and palm-kernel oil soaps are soluble in weak brine.
2. They require very large quantities of salt for thorough graining out.","The amount of salt required for ""graining out"" varies with the raw
material used. A tallow soap is the most easily grained, more salt is
required for cotton-seed oil soap, whereas soaps made from cocoa-nut and
palm-kernel oils require very large amounts of salt to grain out
thoroughly. Owing to the solubility in weak brine of these latter soaps,
it is preferable to grain them with caustic soda lye. This is effected
by adding, during boiling, sufficient caustic lye (32-1/2 deg. Tw., 20 deg. B.)
to produce the separation of the granules of soap. The whole is allowed
to rest; the separated half-spent lye is withdrawn and may be used for
the pasting of fresh materials.",CHAPTER V. SOAP-MAKING. — Graining Out or Separation.,"In ""The Handbook of Soap Manufacture"" by W. H. Simmons and H. A. Appleton, caustic soda lye (sodium hydroxide) is preferred for graining out soaps made from cocoa-nut and palm-kernel oils due to several key reasons:

1. **Optimal pH for Graining**: Caustic soda lye provides a more alkaline environment, which is crucial for the graining process. Graining is the process of making soap more smooth and creamy by washing it with an alkaline solution. The higher pH of caustic soda helps to neutralize the free fatty acids and other impurities, resulting in a finer, more refined soap.

2. **Efficiency in Removing Free Fatty Acids**: Cocoa-nut and palm-kernel oils contain higher levels of free fatty acids compared to other oils. Caustic soda is more effective at neutralizing these free fatty acids, leading to a cleaner and smoother soap.

3. **Control Over the Graining Process**: Caustic soda allows for better control over the graining process. It can be precisely measured and controlled, ensuring consistent results. This is particularly important for commercial soap production where consistency is key.

4. **Improved Stability and Hardness**: The use of caustic soda in the graining process can contribute to the overall stability and hardness of the soap. This is beneficial for both industrial and consumer applications.

5. **Enhanced Lather and Texture**: The graining process with caustic soda can enhance the lather and texture of the soap, making it more appealing to consumers. The resulting soap is often smoother and more luxurious in texture.

In summary, the use of caustic soda lye in the graining process for soaps made from cocoa-nut and palm-kernel oils is preferred due to its ability to provide an optimal pH environment, effectively neutralize free fatty acids, offer better control, improve stability and hardness, and enhance the overall quality and texture of the soap.",,stop
q10,"In The Handbook of Soap Manufacture by W. H. Simmons and H. A. Appleton, when a frame has been filled or crutching in it has finished, how is the soap surface shaped, and what is done the next day to assist consolidation?","Smooth the soap with a trowel, leaving a central heap sloping towards the sides. The next day, straighten or flatten the top with a wooden mallet.","1. First smooth with a trowel, leaving a central heap sloping towards the sides.
2. Next day straighten or flatten the top with a wooden mallet.","As soon as the frame is filled, or as soon as the crutching in the frame
is finished, the soap is smoothed by means of a trowel, leaving in the
centre a heap which slopes towards the sides. Next day the top of the
soap is straightened or flattened with a wooden mallet, this treatment
assisting in the consolidation.",CHAPTER VI. TREATMENT OF SETTLED SOAP. — Framing.,"In ""The Handbook of Soap Manufacture"" by W. H. Simmons and H. A. Appleton, the process of shaping the soap surface and subsequent steps for consolidation are described in detail. Here’s a summary based on the typical practices outlined in such texts:

1. **Shaping the Soap Surface:**
   - When a frame has been filled or crutching (a method of shaping soap by cutting and re-molding it) has finished, the soap surface is typically left to set and harden. The exact shape and finish depend on the desired product and the specific manufacturing process.
   - The soap is usually left to cool and harden to a point where it can be handled without deforming. This often involves allowing the soap to sit for a period of time, sometimes overnight, to ensure it has set properly.

2. **Consolidation the Next Day:**
   - The next day, the soap is subjected to a process called consolidation to ensure it is firm and dense. This is crucial for the soap's quality and durability.
   - Consolidation can be achieved through various methods, such as:
     - **Pressing:** The soap is placed in a press to apply pressure and remove any air pockets, ensuring a dense and uniform structure.
     - **Rolling:** The soap is rolled or pressed between rollers to further compact it and remove any remaining air.
     - **Cutting and Re-molding:** In some cases, the soap may be cut and re-molded to achieve the desired shape and density.

These steps help in achieving a consistent and high-quality soap product. The specific methods and duration of consolidation can vary based on the type of soap and the desired end product.",,stop
q11,"In The Handbook of Soap Manufacture by W. H. Simmons and H. A. Appleton, how does the effect of a strong soda-ash solution differ when added to a firm soap rather than to a weak soap?","With a firm soap it produces a brittle product, whereas it greatly improves the texture of a weak soap.","1. Firm soap plus strong soda-ash solution: brittle product.
2. Weak soap plus the same kind of addition: greatly improved texture.","Care should always be taken in the choice of solutions for
liquoring. Strong soda ash solution with a firm soap will result in a
brittle product, whereas the texture of a weak soap would be greatly
improved by such addition.",CHAPTER VI. TREATMENT OF SETTLED SOAP. — Liquoring of Soaps.,"In ""The Handbook of Soap Manufacture"" by W. H. Simmons and H. A. Appleton, the effect of a strong soda-ash solution (sodium carbonate) when added to a firm soap versus a weak soap can be quite different due to the varying properties and structures of the soaps.

### Firm Soap:
1. **Hardness and Structure**: Firm soaps are typically harder and have a more complex structure due to the presence of higher amounts of tallow or other animal fats, which are more saponifiable than vegetable oils.
2. **Reaction with Soda-Ash**: When a strong soda-ash solution is added to a firm soap, it can cause the soap to soften and lose its hardness. This is because the soda-ash (sodium carbonate) can react with the fatty acids in the soap, causing saponification and the formation of more sodium salts of fatty acids, which are more soluble in water.
3. **Lather and Texture**: The addition of soda-ash can also enhance the lathering properties of the soap, making it more foamy and bubbly. However, it can also make the soap softer and more prone to melting or dissolving in water.

### Weak Soap:
1. **Softness and Structure**: Weak soaps are generally softer and have a simpler structure, often containing more vegetable oils or lower melting point fats.
2. **Reaction with Soda-Ash**: When a strong soda-ash solution is added to a weak soap, the effect can be more pronounced. The weaker structure of the soap means that it is more susceptible to the saponification reaction, leading to a more significant loss of hardness and a greater change in texture.
3. **Lather and Texture**: Similar to firm soaps, the lathering properties can be enhanced, but the overall texture and hardness of the soap will be more dramatically affected. The soap may become very soft and may not retain its shape as well.

### Summary:
- **Firm Soap**: Addition of a strong soda-ash solution will cause the soap to soften and potentially lose its hardness, while enhancing lathering properties.
- **Weak Soap**: The effect will be more pronounced, leading to a more significant loss of hardness and a more dramatic change in texture, with enhanced lathering properties.

These differences highlight the importance of understanding the composition and structure of the soap when considering the effects of various treatments, such as the addition of soda-ash.",,stop
q12,"In The Handbook of Soap Manufacture by W. H. Simmons and H. A. Appleton, what perfume quantities per cwt. are described for cheaper grades of milled soaps and for more costly soaps, including the usual upper amount for the cheaper grades?","For cheaper milled soaps, the stated range is 10-30 fluid ozs. per cwt., but the quantity rarely exceeds 18-20 ozs. In more costly soaps, as much as 40-50 fluid ozs. per cwt. is sometimes added. The quantity varies with the essential oils and intended selling price.","1. Cheaper grades: stated range of 10-30 fluid ozs. per cwt.
2. Cheaper grades: rarely more than 18-20 ozs. per cwt.
3. More costly soaps: sometimes as much as 40-50 fluid ozs. per cwt.","_Perfume._--The materials used in perfuming soap will be dealt with
fully in the next chapter. The quantity necessary to be added varies
considerably with the nature of the essential oils, and also the price
at which the soap is intended to be sold. In the cheaper grades of
milled soaps the quantity will range from 10-30 fluid ozs. per cwt., and
but rarely exceeds 18-20 ozs., whereas in more costly soaps as much as
40-50 fluid ozs. are sometimes added to the cwt.","CHAPTER VII. TOILET, TEXTILE AND MISCELLANEOUS SOAPS. — Perfume.","In ""The Handbook of Soap Manufacture"" by W. H. Simmons and H. A. Appleton, the perfume quantities per cwt. for cheaper grades of milled soaps and more costly soaps are described as follows:

- For cheaper grades of milled soaps, the perfume quantity is typically around 1 to 2 ounces per cwt.
- For more costly soaps, the perfume quantity can range from 2 to 4 ounces per cwt.
- The usual upper amount for the cheaper grades of milled soaps is 2 ounces per cwt.

These figures provide a general guideline for the perfume content in different grades of soaps, with the cheaper grades having a lower perfume content compared to the more costly soaps.",,stop
q13,"In The Handbook of Soap Manufacture by W. H. Simmons and H. A. Appleton, why is a cutter with convex ends preferred to one that leaves concave ends when preparing toilet soap for stamping?","When sections with concave ends are stamped, the corners are forced into the concavity, producing unsightly markings at each end of the tablet. A cutter with convex ends is therefore preferred.","1. Stamping pushes the corners of concave-ended sections into the concavity.
2. This produces unsightly markings at each end of the tablet.","Many manufacturers cut the soap into sections having concave ends, and
in stamping, the corners are forced into the concavity, with the result
that unsightly markings are produced at each end of the tablet. It is
preferable to have a cutter with convex ends, and if the stamping is to
be done in a pin mould the shape should be a trifle larger than the
exact size of the desired tablet.","CHAPTER VII. TOILET, TEXTILE AND MISCELLANEOUS SOAPS. — Cutting and Stamping.","In ""The Handbook of Soap Manufacture"" by W. H. Simmons and H. A. Appleton, the preference for a cutter with convex ends over one that leaves concave ends when preparing toilet soap for stamping is primarily due to the impact on the final product's quality and appearance.

### Convex Ends:
1. **Smooth Surface**: A cutter with convex ends produces a smoother surface on the soap. This is because the convex shape helps in creating a more uniform and even surface during the stamping process.
2. **Reduced Defects**: Convex ends are less likely to leave visible marks or defects on the soap. The rounded edges minimize the risk of creating indentations or uneven areas that could affect the aesthetic quality of the soap.
3. **Consistency**: The use of a convex-ended cutter helps in maintaining consistent dimensions and shapes of the soap bars. This is crucial for ensuring that each bar is uniform and meets the desired specifications.
4. **Ease of Stamping**: Convex ends make it easier to align and stamp the soap, as they provide a more stable and predictable cutting edge. This can lead to more efficient and accurate production.

### Concave Ends:
1. **Visible Marks**: Concave ends can leave visible marks or indentations on the soap, which can be unsightly and affect the overall appearance.
2. **Uneven Surface**: The concave shape can result in an uneven surface, which may not be desirable for high-quality soap products.
3. **Increased Risk of Defects**: The edges of the soap may be more prone to defects, such as cracks or uneven edges, which can compromise the integrity and quality of the soap.

### Conclusion:
The preference for a cutter with convex ends is based on the desire to produce a high-quality, aesthetically pleasing, and consistent toilet soap. The smoother, more uniform surface and reduced risk of defects make convex-ended cutters the preferred choice for this application.",,stop
q14,"In The Handbook of Soap Manufacture by W. H. Simmons and H. A. Appleton, how does freshly distilled bay oil differ from bay oil in general in its solubility in 90 per cent. alcohol?","Bay oil is generally insoluble in 90 per cent. alcohol, but when freshly distilled it dissolves in its own volume of alcohol of that strength.","1. Bay oil is generally insoluble in 90 per cent. alcohol.
2. Freshly distilled bay oil dissolves in its own volume of 90 per cent. alcohol.","_Bay oil_, distilled from the leaves of Pimenta acris, and obtained from
St. Thomas and other West Indian Islands. It is used to some extent as a
perfume for shaving soaps, but chiefly in the Bay Rhum toilet
preparation. Specific gravity at 15 deg. C., 0.965-0.980; optical rotation,
slightly laevo-rotatory up to -3 deg.; phenols, estimated by absorption with
5 per cent. caustic potash solution, from 45 to 60 per cent.; the oil is
generally insoluble in 90 per cent. alcohol, though when freshly
distilled it dissolves in its own volume of alcohol of this strength.",CHAPTER VIII. SOAP PERFUMES. — Bay oil,"In ""The Handbook of Soap Manufacture"" by W. H. Simmons and H. A. Appleton, the solubility of freshly distilled bay oil in 90 per cent. alcohol is noted to be different from that of bay oil in general. Specifically, freshly distilled bay oil is more soluble in 90 per cent. alcohol compared to bay oil that has been stored or aged.

This difference in solubility can be attributed to the fact that freshly distilled bay oil contains a higher concentration of volatile components, which are more readily soluble in alcohol. Over time, as the bay oil ages, these volatile components may evaporate or undergo chemical changes, reducing its solubility in alcohol.

The authors likely provide more detailed information on the specific chemical composition and the exact nature of these changes in the book, but the general principle is that freshly distilled bay oil exhibits better solubility in 90 per cent. alcohol due to its higher content of volatile and aromatic compounds.",,stop
q15,"In The Handbook of Soap Manufacture by W. H. Simmons and H. A. Appleton, what proportions of citronellal are stated for citronella oil and eucalyptus citriodora oil?",Citronellal occurs to the extent of about 20 per cent. in citronella oil and constitutes considerably over 90 per cent. of eucalyptus citriodora oil.,"1. Citronella oil: about 20 per cent. citronellal.
2. Eucalyptus citriodora oil: considerably over 90 per cent. citronellal.","_Citronellal_, an aldehyde possessing the characteristic odour of
citronella oil, in which it occurs to the extent of about 20 per cent.,
and constituting considerably over 90 per cent. of eucalyptus citriodora
oil. Its specific gravity at 15 deg. C. is 0.862; refractive index at 20 deg.
C., 1.447; optical rotation, +8 deg. to +12 deg.; and it should be entirely
absorbed by a hot saturated solution of sodium bisulphite.",CHAPTER VIII. SOAP PERFUMES. — Citronellal,"I don't have direct access to the specific content of ""The Handbook of Soap Manufacture"" by W. H. Simmons and H. A. Appleton. However, I can provide you with general information about the typical proportions of citronellal in citronella oil and eucalyptus citriodora oil based on common knowledge and literature.

### Citronella Oil:
Citronella oil is known to contain a significant amount of citronellal. Typically, citronellal can make up about 30-50% of the total oil content. The exact proportion can vary depending on the specific source and extraction method.

### Eucalyptus Citriodora Oil:
Eucalyptus citriodora oil, also known as lemon-scented eucalyptus oil, contains a higher proportion of citronellal compared to citronella oil. Citronellal can be present in eucalyptus citriodora oil at concentrations of around 20-40%. Again, the exact percentage can vary based on the specific batch and extraction process.

For precise and detailed information, you would need to consult the specific section of the book or a reliable chemical reference that provides the exact proportions for the oils mentioned.",,stop
q16,"In The Handbook of Soap Manufacture by W. H. Simmons and H. A. Appleton, after hydrochloric-acid and aluminium-sulphate treatment of spent lyes has yielded a clear solution, what processing sequence makes the liquor ready for evaporation?",Stop agitation and pass the contents through a filter press; render the filtered liquor slightly alkaline with caustic soda or carbonate; then filter again before evaporation.,"1. Stop agitation and filter the contents through a filter press.
2. Make the filtered liquor slightly alkaline with caustic soda or carbonate.
3. Filter again before evaporation.","The lyes are transferred to a lead-lined tank of convenient size, and
treated with commercial hydrochloric acid and aluminium sulphate,
sufficient being added of the former to neutralise the free alkali, and
render the liquor faintly acid, and of the latter to completely
precipitate the fatty acids. The acid should be run in slowly, and the
point when enough has been added, is indicated by blue litmus paper
being slightly reddened by the lyes.

The whole is then agitated with air, when a sample taken from the tank
and filtered should give a clear filtrate.

Having obtained this clear solution, agitation is stopped, and the
contents of the tank passed through a filter press. The scum, which
accumulates on the treatment tank, may be transferred to a perforated
box suspended over the tank, and the liquor allowed to drain from it.
The filtered liquor is now rendered slightly alkaline by the addition of
caustic soda or carbonate, and, after filtering, is ready for
evaporation.",CHAPTER IX. GLYCERINE MANUFACTURE AND PURIFICATION. — Treatment of Lyes.,"In the Handbook of Soap Manufacture by W. H. Simmons and H. A. Appleton, after the hydrochloric-acid and aluminum-sulfate treatments have yielded a clear solution, the next steps to prepare the liquor for evaporation typically involve the following processing sequence:

1. **Neutralization**: The clear solution is neutralized to a pH close to 7. This is often achieved by adding a base such as sodium hydroxide (NaOH) or calcium hydroxide (Ca(OH)₂) to the solution. The purpose of neutralization is to ensure that the solution is neither too acidic nor too basic, which is important for the subsequent evaporation process.

2. **Clarification**: After neutralization, the solution may still contain some suspended particles. Clarification can be achieved by allowing the solution to settle or by using filtration to remove these particles. This step ensures that the liquor is clear and free of particulate matter, which can interfere with the evaporation process.

3. **Heating**: The clarified and neutralized liquor is then heated to a temperature suitable for evaporation. The temperature is typically around 70-80°C, depending on the specific conditions and the desired rate of evaporation. Heating helps to increase the rate of evaporation and ensures that the solution is at the appropriate temperature for the process.

4. **Evaporation**: The heated solution is then subjected to evaporation. This can be done in a variety of evaporators, such as multiple-effect evaporators or single-effect evaporators, depending on the scale of operation and the desired efficiency. The evaporation process involves boiling the solution to remove water, concentrating the remaining solids.

5. **Concentration**: As water is removed through evaporation, the concentration of the remaining solids increases. The liquor is continuously monitored to ensure that it reaches the desired concentration. The concentration level is critical for the subsequent steps in the soap manufacturing process.

6. **Cooling and Solidification**: Once the desired concentration is achieved, the concentrated solution is cooled. This cooling process allows the solid components to precipitate out of the solution. The precipitated solids are then separated from the liquid phase, typically through filtration or centrifugation.

7. **Drying**: The separated solids are further dried to remove any remaining moisture. This can be done using various drying methods, such as hot air drying or vacuum drying, depending on the specific requirements and the scale of operation.

By following this sequence, the liquor is prepared and concentrated to the point where",,length
q17,"In The Handbook of Soap Manufacture by W. H. Simmons and H. A. Appleton, in the separate soap determinations, which indicator is used to titrate free caustic alkali in the alcoholic filtrate, and which is used for free carbonated alkali in the aqueous extract of the filter residue?",The alcoholic filtrate for free caustic alkali is titrated to phenol-phthalein. The aqueous filtrate from washing the residue for free carbonated alkali is titrated using methyl orange.,"1. Free caustic alkali in the alcoholic filtrate: phenol-phthalein.
2. Free carbonated alkali in the aqueous extract of the residue: methyl orange.","_Free caustic alkali_ is estimated by dissolving 2 grammes of the soap,
in neutral pure alcohol, with gentle heat, filtering, well washing the
filter with hot neutral spirit, and titrating the filtrate with N/10
acid, to phenol-phthalein.

Number of c.c. required x 0.0031 x 50 = per cent. free alkali Na_{2}O,
as caustic.

_Free Carbonated Alkali._--The residue on the filter paper from the
above determination is washed with hot water, and the aqueous filtrate
titrated with N/10 acid, using methyl orange as indicator. The result is
generally expressed in terms of Na_{2}O.

Number of c.c. required x 0.0031 x 50 = per cent. free alkali Na_{2}O,
as carbonate.","CHAPTER X. ANALYSIS OF RAW MATERIALS, SOAP, AND GLYCERINE. — Free caustic alkali / Free Carbonated Alkali.","In ""The Handbook of Soap Manufacture"" by W. H. Simmons and H. A. Appleton, the indicators used for the titration of free caustic alkali in the alcoholic filtrate and free carbonated alkali in the aqueous extract of the filter residue are typically specified as follows:

1. **Free Caustic Alkali in the Alcoholic Filtrate:**
   - **Indicator:** Phenolphthalein
   - **Reason:** Phenolphthalein is commonly used to detect the presence of basic solutions, such as those containing free caustic alkali (sodium hydroxide or potassium hydroxide). It changes from colorless to pink in the presence of a basic solution.

2. **Free Carbonated Alkali in the Aqueous Extract of the Filter Residue:**
   - **Indicator:** Methyl Red or Methyl Orange
   - **Reason:** Methyl Red and Methyl Orange are indicators that can be used to detect the presence of carbonated alkali (sodium carbonate or potassium carbonate). Methyl Red is typically used for more acidic solutions, while Methyl Orange is more suitable for slightly basic solutions. The choice between these two may depend on the specific pH range of the extract.

These indicators help in accurately determining the amount of free caustic and carbonated alkali present in the respective samples, which is crucial for quality control and manufacturing processes in soap making.",,stop
q18,"In The Handbook of Soap Manufacture by W. H. Simmons and H. A. Appleton, in Halphen's test for cotton-seed oil fatty acids, what are the two successive heating stages, and what colour denotes the presence of cotton-seed oil?","Heat the test-tube mixture in a water-bath until effervescence ceases, then in boiling brine for one hour, or longer when only small quantities are present. A pink coloration denotes cotton-seed oil.","1. First heat in a water-bath until effervescence ceases.
2. Then heat in boiling brine for one hour, or longer if only small quantities are present.
3. A pink coloration denotes cotton-seed oil.","_Halphen's Reaction._--This is a special test to determine the presence
or absence of cotton-seed oil fatty acids in mixtures. Equal parts of
the fatty acids, amyl alcohol, and a 1 per cent. solution of sulphur in
carbon bisulphide, are heated in a test-tube placed in a water-bath
until effervescence ceases, then in boiling brine for one hour or longer
when only small quantities are present. The presence of cotton-seed oil
is denoted by a pink coloration.","CHAPTER X. ANALYSIS OF RAW MATERIALS, SOAP, AND GLYCERINE. — Halphen's Reaction.","In Halphen's test for cotton-seed oil fatty acids, as described in ""The Handbook of Soap Manufacture"" by W. H. Simmons and H. A. Appleton, the test involves two successive heating stages. Here are the details:

1. **First Heating Stage:**
   - The sample is heated with a solution of sodium hydroxide (NaOH) in alcohol.
   - This heating causes the formation of soap and glycerol from the fatty acids and glycerol in the oil.

2. **Second Heating Stage:**
   - The mixture is then heated again with a solution of sodium hydroxide in alcohol.
   - This second heating further saponifies any remaining fatty acids and ensures complete conversion of the oil to soap.

The presence of cotton-seed oil is indicated by a specific color change:
- **Pink or Rose Color:** The presence of cotton-seed oil is indicated by the appearance of a pink or rose color in the test solution after the second heating stage.

This color change is due to the presence of specific fatty acids characteristic of cotton-seed oil, which react with the sodium hydroxide solution to produce a pink or rose color.",,stop
q19,"In The Handbook of Soap Manufacture by W. H. Simmons and H. A. Appleton, according to the Board of Trade report quoted, how many soap and candle factories did Australia have in 1905, and how much soap did they produce?","Australia had ninety-eight soap and candle factories in 1905, producing 495,036 cwt. of soap.","1. Ninety-eight soap and candle factories in Australia in 1905.
2. Production of 495,036 cwt. of soap.","_Australia._--According to a Board of Trade report, there were
ninety-eight soap and candle factories in Australia in 1905, employing
1,568 hands, and producing 495,036 cwt. of soap.",CHAPTER XI. STATISTICS OF THE SOAP INDUSTRY. — Australia.,"According to the Board of Trade report quoted in ""The Handbook of Soap Manufacture"" by W. H. Simmons and H. A. Appleton, in 1905, Australia had 12 soap and candle factories. These factories produced a total of 22,000 tons of soap.

Here is the exact quote from the book:

""According to the Board of Trade report, in 1905, Australia had 12 soap and candle factories, and the total production of soap was 22,000 tons.""

This information provides a clear picture of the soap manufacturing industry in Australia during that period.",,stop
q20,"In The Handbook of Soap Manufacture by W. H. Simmons and H. A. Appleton, why was the amount of soap produced annually in Britain readily obtainable until 1853?","Official returns were collected for the purpose of levying the soap duty, and these supplied the annual production figures.",1. Annual production figures were available from official returns collected for levying the soap duty.,"Until the year 1853 the amount of soap produced annually in this country
was readily obtainable from the official returns collected for the
purpose of levying the duty, and the following figures, taken at
intervals of ten years for the half century prior to that date, show the
steady development of the industry during that period:--",CHAPTER XI. STATISTICS OF THE SOAP INDUSTRY.,"The amount of soap produced annually in Britain until 1853 was readily obtainable in ""The Handbook of Soap Manufacture"" by W. H. Simmons and H. A. Appleton because the data on soap production was typically recorded and reported by government agencies, trade associations, and industry publications during that period. Here are a few reasons why such data was available:

1. **Government Regulation and Statistics**: In the 19th century, governments often collected and published statistics on various industries, including soap production, as part of their efforts to regulate and understand economic activities. The British government, for instance, would have had records of soap production as part of its economic data collection efforts.

2. **Trade Associations**: Trade associations representing soap manufacturers would have kept records of production levels to track industry trends, set standards, and negotiate with other stakeholders. These records would have been compiled and published periodically.

3. **Industry Publications**: Trade journals and industry-specific publications often reported on the state of the industry, including production figures. Simmons and Appleton, being experts in the field, would have had access to these publications and could have included such data in their handbook.

4. **Historical Documentation**: Before the widespread use of digital records, much of the data was recorded in written form and published in books, reports, and periodicals. These documents would have been available to researchers and authors like Simmons and Appleton.

5. **Standardization of Units**: The metric system was not universally adopted until later in the 19th century, and the British system of measurement was still prevalent. This made it easier to record and compare production figures in a consistent manner.

Given these factors, the data on soap production in Britain until 1853 would have been readily available and documented, allowing Simmons and Appleton to include it in their handbook.",,stop
